"metric","value"
"Pearson_r",0.820003845737731
"Jaccard_500",0.207729468599034
"n_genes",34539
