Feature,HR,p_value
Helicobacter,0.9529849484187383,0.7001932225613778
Streptococcus,0.876137102014295,0.2909025120683515
Synergy,0.8281893004115226,0.13270158407657107
