"n","events","logrank_p","cox_HR_per_unit_CD8","cox_CI_low","cox_CI_high","cox_p"
383,156,0.405286443349168,1.04209589322647,0.944450211567725,1.14983705586434,0.411403389655805
