"id.exposure","id.outcome","outcome","exposure","egger_intercept","se","pval"
"ebi-a-GCST90006910","ebi-a-GCST90018629","Gastric cancer || id:ebi-a-GCST90018629","H. pylori IgG seropositivity",0.00208768024619951,0.0229469375113187,0.929502299992636
"ebi-a-GCST90017070","ebi-a-GCST90018629","Gastric cancer || id:ebi-a-GCST90018629","Streptococcus (genus)",0.00602356993141959,0.0288119907644343,0.8396230256723
"ebi-a-GCST90032406","ebi-a-GCST90018629","Gastric cancer || id:ebi-a-GCST90018629","Fusobacterium",0.026441928003451,0.017794800470703,0.175602379958376
"ebi-a-GCST90017045","ebi-a-GCST90018629","Gastric cancer || id:ebi-a-GCST90018629","Prevotella",-0.0493147273416016,0.0595375656586294,0.428920382316047
"ebi-a-GCST90017088","ebi-a-GCST90018629","Gastric cancer || id:ebi-a-GCST90018629","Veillonella",0.0689942553782217,0.179125836136284,0.725795990137119
"ebi-a-GCST90017030","ebi-a-GCST90018629","Gastric cancer || id:ebi-a-GCST90018629","Lactobacillus",-0.0380431444329691,0.023250746971053,0.145808785669267
