"id.exposure","id.outcome","outcome","exposure","egger_intercept","se","pval"
"ebi-a-GCST90006910","ebi-a-GCST90018849","Gastric cancer || id:ebi-a-GCST90018849","H. pylori IgG seropositivity",-0.00846532381963282,0.0196643484070595,0.672959942888783
"ebi-a-GCST90017070","ebi-a-GCST90018849","Gastric cancer || id:ebi-a-GCST90018849","Streptococcus (genus)",-0.00289417587737722,0.0330467326478965,0.931546544567217
"ebi-a-GCST90032406","ebi-a-GCST90018849","Gastric cancer || id:ebi-a-GCST90018849","Fusobacterium",0.0382072643029214,0.0174678820253785,0.0401761861654128
"ebi-a-GCST90017045","ebi-a-GCST90018849","Gastric cancer || id:ebi-a-GCST90018849","Prevotella",-0.00925836326561031,0.0321798401882277,0.778106429943184
"ebi-a-GCST90017088","ebi-a-GCST90018849","Gastric cancer || id:ebi-a-GCST90018849","Veillonella",0.146824217087909,0.0794336186688804,0.114044501960308
"ebi-a-GCST90017030","ebi-a-GCST90018849","Gastric cancer || id:ebi-a-GCST90018849","Lactobacillus",-0.0395383612651384,0.0211895565530964,0.0990234721689005
