"metric","scope","KW_p","spearman_rho","spearman_p","JT_Z","JT_p"
"Observed","all4",5.05711194662195e-09,0.0337498449788551,0.314820112798533,0.927222932341448,0.353810798583721
"Observed","noGCT",2.42430047987379e-06,-0.203409678588975,5.26715395165314e-07,-4.9438414181339,7.6598019817879e-07
"Shannon","all4",3.62780180911395e-08,0.107529824545723,0.0013230917755303,3.11114339919711,0.00186364414181336
"Shannon","noGCT",0.00579199684933549,-0.107487610292308,0.0085226355869127,-2.6595374729431,0.00782480250587867
"Simpson","all4",7.02592558722419e-07,0.114967322833077,0.000593761110398176,3.28276986535091,0.00102792544795954
"Simpson","noGCT",0.022677354260995,-0.0710761219288576,0.0824474771239343,-1.78414463522885,0.0744001659555531
